,date,kst,TEMP,longitude,latitude
0,20230801,0:00,285.057,-9.592066666666666,47.37896666666667
1,20230801,0:00,285.134,-9.58895,47.37996666666666
2,20230801,0:01,285.324,-9.586033333333337,47.381483333333335
3,20230801,0:01,285.372,-9.583116666666664,47.38301666666666
4,20230801,0:02,285.743,-9.580183333333334,47.38463333333334
5,20230801,0:02,285.895,-9.577216666666668,47.38611666666667
6,20230801,0:03,285.708,-9.5741,47.38763333333333
7,20230801,0:03,285.265,-9.571166666666668,47.38915
8,20230801,0:04,284.958,-9.568233333333334,47.39065000000001
9,20230801,0:04,284.822,-9.565283333333332,47.39228333333334
10,20230801,0:05,284.694,-9.56235,47.393816666666666
11,20230801,0:05,284.86,-9.55925,47.39536666666666
12,20230801,0:06,284.985,-9.55635,47.396883333333335
13,20230801,0:06,285.337,-9.5544,47.39840000000001
14,20230801,0:07,285.383,-9.551483333333334,47.4
15,20230801,0:07,284.996,-9.54855,47.40151666666667
16,20230801,0:08,284.836,-9.5454,47.40303333333333
17,20230801,0:08,284.2,-9.542433333333332,47.40451666666666
18,20230801,0:09,284.313,-9.539466666666668,47.4061
19,20230801,0:09,284.358,-9.53655,47.4076
20,20230801,0:10,284.926,-9.533616666666669,47.4091
21,20230801,0:10,285.196,-9.530516666666667,47.41061666666666
22,20230801,0:11,285.214,-9.5276,47.41213333333334
23,20230801,0:11,285.26,-9.524683333333334,47.413733333333326
24,20230801,0:12,285.142,-9.521766666666668,47.41521666666666
25,20230801,0:12,284.982,-9.518833333333331,47.41621666666666
26,20230801,0:13,284.942,-9.5157,47.41768333333333
27,20230801,0:13,284.953,-9.512766666666666,47.41918333333333
28,20230801,0:14,284.822,-9.509833333333336,47.42078333333334
29,20230801,0:14,284.729,-9.506883333333333,47.42226666666667
30,20230801,0:15,284.913,-9.5039,47.423750000000005
31,20230801,0:15,284.481,-9.50075,47.42521666666666
32,20230801,0:16,284.19,-9.497783333333333,47.42668333333333
33,20230801,0:16,284.23,-9.4948,47.42823333333334
34,20230801,0:17,284.574,-9.491816666666669,47.4297
35,20230801,0:17,284.71,-9.48865,47.43116666666666
36,20230801,0:18,284.934,-9.485716666666669,47.43263333333333
37,20230801,0:18,284.403,-9.483733333333332,47.43411666666666
38,20230801,0:19,283.816,-9.480783333333331,47.43571666666666
39,20230801,0:19,283.581,-9.477783333333331,47.43715
40,20230801,0:20,283.731,-9.474783333333331,47.438566666666674
41,20230801,0:20,283.8,-9.47155,47.43998333333334
42,20230801,0:21,283.443,-9.468533333333331,47.44141666666666
43,20230801,0:21,283.509,-9.465516666666668,47.442933333333336
44,20230801,0:22,283.661,-9.462483333333331,47.44435
45,20230801,0:22,284.056,-9.45925,47.44576666666667
46,20230801,0:23,284.475,-9.456233333333332,47.4472
47,20230801,0:23,284.654,-9.453216666666666,47.44861666666667
48,20230801,0:24,284.726,-9.4502,47.45015
49,20230801,0:24,284.894,-9.447183333333331,47.4511
50,20230801,0:25,285.076,-9.44395,47.45255
51,20230801,0:25,285.113,-9.440933333333334,47.453983333333326
52,20230801,0:26,285.244,-9.4379,47.45539999999999
53,20230801,0:26,285.313,-9.4349,47.45693333333334
54,20230801,0:27,285.046,-9.43185,47.458333333333336
55,20230801,0:27,284.838,-9.4286,47.45978333333334
56,20230801,0:28,284.734,-9.425583333333332,47.461216666666665
57,20230801,0:28,284.339,-9.422583333333334,47.46276666666666
58,20230801,0:29,283.731,-9.419566666666666,47.46418333333333
59,20230801,0:29,283.483,-9.41655,47.4656
60,20230801,0:30,284.206,-9.413333333333332,47.46701666666666
61,20230801,0:30,284.16,-9.410316666666668,47.46845
62,20230801,0:31,283.741,-9.4083,47.47
63,20230801,0:31,284.102,-9.4053,47.47141666666666
64,20230801,0:32,284.601,-9.402283333333331,47.47285
65,20230801,0:32,284.91,-9.39905,47.47426666666667
66,20230801,0:33,284.643,-9.396016666666666,47.4757
67,20230801,0:33,284.318,-9.393,47.47721666666666
68,20230801,0:34,284.062,-9.39,47.47866666666667
69,20230801,0:34,283.824,-9.3868,47.48009999999999
70,20230801,0:35,283.99,-9.383783333333334,47.48153333333333
71,20230801,0:35,284.112,-9.380783333333332,47.48299999999999
72,20230801,0:36,284.238,-9.377783333333332,47.48453333333334
73,20230801,0:36,284.51,-9.374783333333331,47.48596666666667
74,20230801,0:37,284.305,-9.371533333333334,47.486916666666666
75,20230801,0:37,283.998,-9.368483333333334,47.48831666666667
76,20230801,0:38,284.243,-9.36545,47.489716666666666
77,20230801,0:38,285.006,-9.3624,47.49123333333333
78,20230801,0:39,285.118,-9.35935,47.49266666666667
79,20230801,0:39,285.012,-9.356116666666669,47.49406666666667
80,20230801,0:40,284.937,-9.353066666666669,47.49549999999999
81,20230801,0:40,284.852,-9.35005,47.49705000000001
82,20230801,0:41,284.852,-9.347,47.4985
83,20230801,0:41,284.382,-9.343966666666669,47.499950000000005
84,20230801,0:42,284.027,-9.340716666666667,47.50138333333333
85,20230801,0:42,284.166,-9.337666666666667,47.50281666666667
86,20230801,0:43,284.715,-9.335666666666668,47.50436666666666
87,20230801,0:43,285.196,-9.33265,47.50583333333334
88,20230801,0:44,285.113,-9.32965,47.507250000000006
89,20230801,0:44,284.718,-9.326383333333332,47.50868333333333
90,20230801,0:45,284.828,-9.3233,47.510066666666674
91,20230801,0:45,285.092,-9.320233333333334,47.511566666666674
92,20230801,0:46,285.062,-9.317166666666669,47.51296666666667
93,20230801,0:46,284.694,-9.3139,47.514383333333335
94,20230801,0:47,284.048,-9.310883333333331,47.51581666666666
95,20230801,0:47,283.795,-9.307866666666666,47.51726666666666
96,20230801,0:48,283.896,-9.304833333333333,47.51879999999999
97,20230801,0:48,284.048,-9.301799999999998,47.52023333333333
98,20230801,0:49,284.235,-9.298533333333332,47.521183333333326
99,20230801,0:49,283.928,-9.2955,47.52261666666666
100,20230801,0:50,284.302,-9.291983333333333,47.52421666666668
101,20230801,0:50,284.622,-9.2888,47.52583333333334
102,20230801,0:51,284.627,-9.285766666666666,47.52726666666668
103,20230801,0:51,284.523,-9.282516666666668,47.52916666666667
104,20230801,0:52,284.67,-9.27945,47.530116666666665
105,20230801,0:52,285.1,-9.2764,47.53210000000001
106,20230801,0:53,285.041,-9.27335,47.53353333333333
107,20230801,0:53,284.958,-9.270283333333332,47.53495
108,20230801,0:54,284.83,-9.2673,47.53618333333334
109,20230801,0:54,284.748,-9.264483333333336,47.53751666666667
110,20230801,0:55,284.82,-9.261466666666667,47.53903333333333
111,20230801,0:55,284.689,-9.258416666666667,47.54046666666667
112,20230801,0:56,284.758,-9.255183333333331,47.541900000000005
113,20230801,0:56,284.683,-9.25215,47.54335
114,20230801,0:57,284.454,-9.249083333333337,47.54430000000001
115,20230801,0:57,284.425,-9.246033333333331,47.54581666666666
116,20230801,0:58,284.542,-9.242966666666666,47.54723333333333
117,20230801,0:58,284.686,-9.239716666666668,47.54868333333334
118,20230801,0:59,284.633,-9.236666666666668,47.55011666666666
119,20230801,0:59,284.566,-9.233616666666668,47.55155
120,20230801,1:00,284.238,-9.230533333333334,47.55305
121,20230801,1:00,284.31,-9.22745,47.55445
122,20230801,1:01,284.24,-9.224166666666669,47.55583333333334
123,20230801,1:01,284.611,-9.2211,47.55721666666667
124,20230801,1:02,284.481,-9.21805,47.558616666666666
125,20230801,1:02,284.665,-9.214983333333333,47.56008333333333
126,20230801,1:03,285.263,-9.21295,47.561483333333335
127,20230801,1:03,285.022,-9.209716666666669,47.562900000000006
128,20230801,1:04,284.99,-9.206666666666669,47.56431666666667
129,20230801,1:04,284.966,-9.203633333333332,47.5658
130,20230801,1:05,285.028,-9.200583333333332,47.5672
131,20230801,1:05,284.849,-9.197533333333332,47.56861666666667
132,20230801,1:06,284.982,-9.194266666666666,47.570033333333335
133,20230801,1:06,285.129,-9.191216666666666,47.571450000000006
134,20230801,1:07,285.34,-9.188183333333336,47.57296666666666
135,20230801,1:07,285.076,-9.185166666666667,47.57438333333333
136,20230801,1:08,285.361,-9.18215,47.57581666666667
137,20230801,1:08,285.585,-9.1789,47.57723333333333
138,20230801,1:09,285.62,-9.17585,47.57866666666667
139,20230801,1:09,285.628,-9.172783333333332,47.5797
140,20230801,1:10,285.148,-9.169716666666666,47.5811
141,20230801,1:10,284.337,-9.166466666666668,47.5825
142,20230801,1:11,283.952,-9.1634,47.58391666666667
143,20230801,1:11,284.283,-9.160316666666668,47.58533333333333
144,20230801,1:12,284.366,-9.157266666666668,47.586850000000005
145,20230801,1:12,284.385,-9.154216666666668,47.58826666666667
146,20230801,1:13,284.275,-9.150916666666664,47.58968333333334
147,20230801,1:13,284.393,-9.147866666666664,47.59111666666666
148,20230801,1:14,284.662,-9.1448,47.59253333333333
149,20230801,1:14,284.569,-9.141733333333333,47.59406666666667
150,20230801,1:15,284.264,-9.138666666666667,47.59548333333334
151,20230801,1:15,284.342,-9.136433333333336,47.596900000000005
152,20230801,1:16,284.262,-9.133383333333336,47.59833333333333
153,20230801,1:16,284.297,-9.130316666666666,47.59985
154,20230801,1:17,284.609,-9.127266666666666,47.60126666666667
155,20230801,1:17,284.63,-9.1242,47.60268333333333
156,20230801,1:18,284.654,-9.120933333333332,47.60411666666667
157,20230801,1:18,284.371,-9.117883333333332,47.60553333333334
158,20230801,1:19,284.801,-9.11485,47.60706666666667
159,20230801,1:19,284.953,-9.111816666666666,47.60853333333333
160,20230801,1:20,284.886,-9.1088,47.61000000000001
161,20230801,1:20,284.371,-9.10555,47.611466666666665
162,20230801,1:21,284.307,-9.1025,47.612883333333336
163,20230801,1:21,284.601,-9.0994,47.61391666666667
164,20230801,1:22,284.964,-9.0963,47.615316666666665
165,20230801,1:22,284.745,-9.093,47.61671666666666
166,20230801,1:23,284.571,-9.0899,47.61811666666667
167,20230801,1:23,284.238,-9.086816666666666,47.61953333333333
168,20230801,1:24,284.008,-9.08375,47.62105
169,20230801,1:24,284.158,-9.080716666666666,47.62250000000001
170,20230801,1:25,284.318,-9.077483333333332,47.62395
171,20230801,1:25,284.168,-9.07445,47.625400000000006
172,20230801,1:26,283.584,-9.071416666666666,47.62685
173,20230801,1:26,283.752,-9.068366666666666,47.62838333333334
174,20230801,1:27,284.086,-9.065316666666666,47.62981666666666
175,20230801,1:27,284.363,-9.063083333333331,47.63125
176,20230801,1:28,284.032,-9.060016666666666,47.632666666666665
177,20230801,1:28,283.376,-9.05695,47.63418333333334
178,20230801,1:29,283.8,-9.0539,47.63561666666666
179,20230801,1:29,284.107,-9.050833333333332,47.63705
180,20230801,1:30,283.944,-9.0476,47.638533333333335
181,20230801,1:30,283.765,-9.044099999999998,47.64026666666667
182,20230801,1:31,283.904,-9.041016666666668,47.64188333333333
183,20230801,1:31,283.683,-9.038283333333334,47.64315
184,20230801,1:32,283.64,-9.0355,47.64451666666667
185,20230801,1:32,283.512,-9.032216666666669,47.64594999999999
186,20230801,1:33,283.381,-9.02915,47.64736666666666
187,20230801,1:33,283.693,-9.026066666666669,47.64831666666667
188,20230801,1:34,283.485,-9.023,47.65033333333334
189,20230801,1:34,283.851,-9.019966666666669,47.65178333333333
190,20230801,1:35,283.84,-9.016699999999998,47.65324999999999
191,20230801,1:35,283.741,-9.013633333333331,47.65471666666667
192,20230801,1:36,283.867,-9.01055,47.65625
193,20230801,1:36,284.585,-9.00745,47.65768333333334
194,20230801,1:37,284.358,-9.004183333333334,47.65913333333333
195,20230801,1:37,284.067,-9.001133333333334,47.66011666666667
196,20230801,1:38,284.387,-8.998083333333334,47.661583333333326
197,20230801,1:38,284.686,-8.995016666666666,47.66316666666667
198,20230801,1:39,284.582,-8.991933333333332,47.664616666666674
199,20230801,1:39,284.35,-8.988616666666667,47.66603333333334
200,20230801,1:40,284.369,-8.985516666666665,47.66746666666666
201,20230801,1:40,284.579,-8.982416666666667,47.6689
202,20230801,1:41,284.534,-8.979316666666668,47.67043333333333
203,20230801,1:41,284.83,-8.976233333333333,47.67190000000001
204,20230801,1:42,284.603,-8.972916666666666,47.673366666666666
205,20230801,1:42,284.419,-8.969850000000001,47.67483333333333
206,20230801,1:43,284.427,-8.966766666666667,47.67638333333333
207,20230801,1:43,284.523,-8.9637,47.67786666666666
208,20230801,1:44,284.705,-8.961649999999999,47.67933333333334
209,20230801,1:44,285.038,-8.95835,47.68081666666667
210,20230801,1:45,284.886,-8.955266666666667,47.682300000000005
211,20230801,1:45,284.056,-8.952166666666667,47.68385
212,20230801,1:46,283.435,-8.949033333333334,47.68531666666666
213,20230801,1:46,283.491,-8.945916666666667,47.68678333333334
214,20230801,1:47,283.389,-8.942566666666666,47.68825
215,20230801,1:47,283.234,-8.939449999999999,47.68971666666666
216,20230801,1:48,283.144,-8.936333333333332,47.69128333333333
217,20230801,1:48,283.488,-8.9332,47.69276666666666
218,20230801,1:49,283.651,-8.930100000000001,47.694233333333344
219,20230801,1:49,283.653,-8.926799999999998,47.69571666666668
220,20230801,1:50,283.755,-8.923716666666667,47.69673333333333
221,20230801,1:50,283.976,-8.920633333333335,47.69831666666667
222,20230801,1:51,283.934,-8.917533333333333,47.6998
223,20230801,1:51,283.72,-8.913633333333333,47.70151666666667
224,20230801,1:52,283.533,-8.910466666666668,47.70301666666666
225,20230801,1:52,283.232,-8.9078,47.704350000000005
226,20230801,1:53,283.322,-8.904766666666665,47.70576666666666
227,20230801,1:53,283.309,-8.90165,47.707233333333335
228,20230801,1:54,283.403,-8.898266666666666,47.7087
229,20230801,1:54,283.416,-8.894716666666666,47.71026666666667
230,20230801,1:55,283.261,-8.8918,47.71183333333333
231,20230801,1:55,283.536,-8.888733333333333,47.71328333333333
232,20230801,1:56,283.854,-8.886633333333332,47.71481666666667
233,20230801,1:56,284.294,-8.8833,47.71628333333333
234,20230801,1:57,284.187,-8.879583333333333,47.71803333333334
235,20230801,1:57,284.038,-8.876399999999999,47.71963333333333
236,20230801,1:58,284.259,-8.873233333333333,47.72113333333333
237,20230801,1:58,284.475,-8.870133333333333,47.72265000000001
238,20230801,1:59,284.699,-8.866800000000001,47.72415
239,20230801,1:59,284.523,-8.86365,47.7256
240,20230801,2:00,284.531,-8.860733333333334,47.72723333333333
241,20230801,2:00,284.478,-8.85735,47.728816666666674
242,20230801,2:01,284.208,-8.854133333333333,47.730316666666674
243,20230801,2:01,283.942,-8.850766666666667,47.731766666666665
244,20230801,2:02,283.819,-8.847583333333334,47.732733333333336
245,20230801,2:02,283.757,-8.844983333333333,47.73405
246,20230801,2:03,283.928,-8.841916666666666,47.73546666666666
247,20230801,2:03,284.102,-8.838783333333334,47.73694999999999
248,20230801,2:04,283.827,-8.835416666666667,47.73841666666667
249,20230801,2:04,283.411,-8.832233333333333,47.73991666666667
250,20230801,2:05,283.197,-8.829066666666668,47.7415
251,20230801,2:05,283.517,-8.825883333333334,47.74298333333333
252,20230801,2:06,283.613,-8.822483333333334,47.74445000000001
253,20230801,2:06,283.368,-8.819283333333335,47.745916666666666
254,20230801,2:07,283.629,-8.816083333333333,47.74738333333333
255,20230801,2:07,283.517,-8.8129,47.74896666666667
256,20230801,2:08,283.595,-8.810783333333335,47.75045
257,20230801,2:08,283.765,-8.807366666666667,47.75193333333333
258,20230801,2:09,283.696,-8.804166666666667,47.75343333333333
259,20230801,2:09,283.25,-8.800933333333335,47.7549
260,20230801,2:10,283.661,-8.79775,47.756483333333335
261,20230801,2:10,283.669,-8.794583333333332,47.758
262,20230801,2:11,283.95,-8.7912,47.7595
263,20230801,2:11,283.795,-8.788033333333335,47.76101666666667
264,20230801,2:12,283.648,-8.78485,47.76261666666666
265,20230801,2:12,283.952,-8.78165,47.76409999999999
266,20230801,2:13,284.216,-8.77845,47.76559999999999
267,20230801,2:13,284.152,-8.775033333333333,47.767083333333325
268,20230801,2:14,284.286,-8.771816666666666,47.76856666666666
269,20230801,2:14,284.267,-8.7686,47.76965
270,20230801,2:15,283.589,-8.765350000000002,47.77111666666666
271,20230801,2:15,283.026,-8.761483333333333,47.77281666666666
272,20230801,2:16,283.256,-8.75795,47.77426666666667
273,20230801,2:16,283.565,-8.754716666666667,47.77568333333333
274,20230801,2:17,284.182,-8.751533333333333,47.77721666666666
275,20230801,2:17,284.355,-8.748366666666668,47.77869999999999
276,20230801,2:18,284.593,-8.745183333333333,47.78016666666667
277,20230801,2:18,284.438,-8.741800000000001,47.781616666666665
278,20230801,2:19,284.27,-8.7386,47.783033333333336
279,20230801,2:19,284.027,-8.735416666666667,47.78455
280,20230801,2:20,284.112,-8.732216666666666,47.78598333333333
281,20230801,2:20,284.243,-8.729899999999999,47.787416666666665
282,20230801,2:21,283.723,-8.727283333333332,47.78856666666668
283,20230801,2:21,283.827,-8.724133333333333,47.78996666666667
284,20230801,2:22,284.016,-8.720966666666667,47.7915
285,20230801,2:22,283.875,-8.7178,47.792950000000005
286,20230801,2:23,283.806,-8.714433333333334,47.79438333333333
287,20230801,2:23,283.872,-8.711283333333334,47.79579999999999
288,20230801,2:24,283.944,-8.708116666666665,47.79721666666666
289,20230801,2:24,283.838,-8.704916666666666,47.79873333333333
290,20230801,2:25,283.656,-8.701733333333333,47.80013333333333
291,20230801,2:25,283.443,-8.69835,47.801533333333325
292,20230801,2:26,283.555,-8.695166666666667,47.80293333333334
293,20230801,2:26,283.811,-8.691966666666668,47.80386666666666
294,20230801,2:27,284.126,-8.688766666666668,47.80535
295,20230801,2:27,284.246,-8.685583333333334,47.80676666666667
296,20230801,2:28,283.974,-8.6822,47.80818333333333
297,20230801,2:28,283.979,-8.679016666666666,47.8096
298,20230801,2:29,283.848,-8.67585,47.8111
299,20230801,2:29,283.397,-8.672666666666666,47.8125
300,20230801,2:30,283.571,-8.6693,47.8139
301,20230801,2:30,284.046,-8.666133333333333,47.81535
302,20230801,2:31,284.19,-8.662966666666668,47.81675
303,20230801,2:31,283.899,-8.659816666666668,47.818250000000006
304,20230801,2:32,284.019,-8.656666666666666,47.81966666666667
305,20230801,2:32,283.664,-8.654349999999999,47.8211
306,20230801,2:33,283.205,-8.6512,47.82251666666666
307,20230801,2:33,283.317,-8.648016666666667,47.82391666666668
308,20230801,2:34,283.544,-8.64485,47.82541666666666
309,20230801,2:34,283.339,-8.641683333333333,47.82681666666667
310,20230801,2:35,283.605,-8.638316666666666,47.82821666666667
311,20230801,2:35,283.619,-8.635166666666667,47.82963333333334
312,20230801,2:36,283.875,-8.632016666666667,47.831050000000005
313,20230801,2:36,283.824,-8.628883333333333,47.832550000000005
314,20230801,2:37,283.92,-8.62575,47.83393333333333
315,20230801,2:37,283.947,-8.6224,47.83533333333333
316,20230801,2:38,284.219,-8.61925,47.8367
317,20230801,2:38,284.096,-8.6161,47.83818333333333
318,20230801,2:39,284.329,-8.612966666666667,47.8391
319,20230801,2:39,284.593,-8.609833333333334,47.84048333333333
320,20230801,2:40,284.321,-8.606516666666666,47.8419
321,20230801,2:40,283.843,-8.603433333333333,47.84333333333334
322,20230801,2:41,283.96,-8.600349999999999,47.84486666666667
323,20230801,2:41,283.808,-8.597266666666666,47.84628333333333
324,20230801,2:42,284.064,-8.594183333333332,47.84768333333333
325,20230801,2:42,284.299,-8.590866666666667,47.84906666666667
326,20230801,2:43,284.102,-8.587766666666665,47.85046666666667
327,20230801,2:43,283.667,-8.584683333333334,47.85198333333333
328,20230801,2:44,283.525,-8.581616666666667,47.85341666666667
329,20230801,2:44,283.587,-8.57835,47.854850000000006
330,20230801,2:45,283.725,-8.576316666666665,47.85626666666667
331,20230801,2:45,283.069,-8.573266666666665,47.85770000000001
332,20230801,2:46,282.738,-8.5702,47.8592
333,20230801,2:46,282.687,-8.567116666666667,47.860616666666665
334,20230801,2:47,283.194,-8.563816666666666,47.86201666666666
335,20230801,2:47,283.282,-8.560766666666666,47.86341666666667
336,20230801,2:48,282.871,-8.557733333333335,47.86483333333334
337,20230801,2:48,282.682,-8.554683333333333,47.86636666666666
338,20230801,2:49,282.877,-8.55175,47.8678
339,20230801,2:49,283.13,-8.548399999999999,47.86923333333334
340,20230801,2:50,282.802,-8.545333333333334,47.87063333333334
341,20230801,2:50,282.877,-8.542266666666666,47.87215
342,20230801,2:51,283.17,-8.539216666666666,47.873066666666666
343,20230801,2:51,283.541,-8.536166666666666,47.87448333333334
344,20230801,2:52,283.515,-8.532933333333334,47.8759
345,20230801,2:52,283.581,-8.5299,47.87733333333334
346,20230801,2:53,284.0,-8.526883333333334,47.87888333333333
347,20230801,2:53,284.24,-8.523866666666667,47.880300000000005
348,20230801,2:54,284.235,-8.520866666666667,47.88183333333333
349,20230801,2:54,284.144,-8.51765,47.883316666666666
350,20230801,2:55,284.11,-8.51765,47.883316666666666
351,20230801,2:55,283.653,-8.514616666666665,47.88478333333334
352,20230801,2:56,283.712,-8.5116,47.88634999999999
353,20230801,2:56,283.987,-8.508566666666667,47.88781666666667
354,20230801,2:57,283.683,-8.505316666666666,47.88924999999999
355,20230801,2:57,283.01,-8.503266666666667,47.89068333333333
356,20230801,2:58,282.858,-8.5002,47.89213333333334
357,20230801,2:58,282.981,-8.49715,47.8937
358,20230801,2:59,283.0,-8.494116666666667,47.89515
359,20230801,2:59,282.89,-8.490866666666667,47.89663333333333
360,20230801,3:00,283.373,-8.487833333333333,47.89811666666666
361,20230801,3:00,283.507,-8.484816666666667,47.89961666666667
362,20230801,3:01,283.357,-8.481766666666665,47.90118333333333
363,20230801,3:01,283.507,-8.478733333333334,47.90265
364,20230801,3:02,283.421,-8.4755,47.90415
365,20230801,3:02,283.325,-8.47245,47.90563333333333
366,20230801,3:03,283.088,-8.4694,47.907250000000005
367,20230801,3:03,282.858,-8.466366666666666,47.90825
368,20230801,3:04,282.324,-8.463316666666666,47.90976666666667
369,20230801,3:04,282.543,-8.460066666666668,47.91128333333333
370,20230801,3:05,282.861,-8.456983333333334,47.9128
371,20230801,3:05,283.229,-8.4539,47.91438333333334
372,20230801,3:06,283.221,-8.450816666666666,47.91583333333333
373,20230801,3:06,282.949,-8.447733333333334,47.917383333333326
374,20230801,3:07,282.96,-8.4444,47.91888333333333
375,20230801,3:07,282.989,-8.441316666666667,47.9204
376,20230801,3:08,282.685,-8.438216666666667,47.922
377,20230801,3:08,282.346,-8.435116666666666,47.9235
378,20230801,3:09,282.178,-8.431833333333334,47.92503333333334
379,20230801,3:09,282.364,-8.429766666666666,47.926566666666666
380,20230801,3:10,282.292,-8.426666666666668,47.92811666666667
381,20230801,3:10,282.21,-8.42355,47.92971666666667
382,20230801,3:11,282.549,-8.420433333333333,47.93123333333333
383,20230801,3:11,282.541,-8.417333333333334,47.93273333333333
384,20230801,3:12,282.717,-8.414016666666667,47.93426666666666
385,20230801,3:12,282.535,-8.410916666666667,47.93578333333333
386,20230801,3:13,282.557,-8.407833333333334,47.937450000000005
387,20230801,3:13,282.767,-8.404733333333333,47.93898333333333
388,20230801,3:14,282.773,-8.401433333333333,47.94053333333333
389,20230801,3:14,283.125,-8.3983,47.94205
390,20230801,3:15,283.541,-8.395183333333334,47.94358333333333
391,20230801,3:15,283.176,-8.392066666666667,47.94521666666666
392,20230801,3:16,283.021,-8.388966666666667,47.94623333333334
393,20230801,3:16,282.551,-8.385666666666667,47.94780000000001
394,20230801,3:17,282.578,-8.38255,47.949333333333335
395,20230801,3:17,282.807,-8.379433333333333,47.95086666666666
396,20230801,3:18,282.917,-8.376299999999999,47.95249999999999
397,20230801,3:18,282.621,-8.373166666666666,47.954033333333335
398,20230801,3:19,282.453,-8.369816666666667,47.95556666666666
399,20230801,3:19,282.391,-8.3667,47.95708333333334
400,20230801,3:20,282.351,-8.363566666666665,47.95863333333333
401,20230801,3:20,282.386,-8.360466666666667,47.9603
402,20230801,3:21,282.738,-8.357383333333333,47.96181666666666
403,20230801,3:21,283.194,-8.354066666666666,47.96336666666666
404,20230801,3:22,283.154,-8.351949999999999,47.964916666666674
405,20230801,3:22,283.122,-8.348816666666666,47.96653333333334
406,20230801,3:23,282.896,-8.345650000000001,47.96804999999999
407,20230801,3:23,282.837,-8.342483333333332,47.969566666666665
408,20230801,3:24,283.104,-8.339116666666666,47.97108333333334
409,20230801,3:24,282.89,-8.335966666666668,47.97261666666667
410,20230801,3:25,282.872,-8.332833333333333,47.97426666666667
411,20230801,3:25,283.066,-8.329716666666666,47.97581666666667
412,20230801,3:26,283.274,-8.326600000000001,47.97736666666666
413,20230801,3:26,283.098,-8.323233333333333,47.97891666666666
414,20230801,3:27,282.952,-8.320066666666666,47.98046666666667
415,20230801,3:27,282.893,-8.316866666666666,47.98206666666667
416,20230801,3:28,282.896,-8.3137,47.9831
417,20230801,3:28,283.125,-8.310283333333333,47.98461666666667
418,20230801,3:29,283.144,-8.307083333333333,47.98616666666667
419,20230801,3:29,283.208,-8.303916666666668,47.98771666666666
420,20230801,3:30,282.711,-8.300766666666668,47.98936666666667
421,20230801,3:30,282.775,-8.2976,47.99091666666666
422,20230801,3:31,282.941,-8.2942,47.99244999999999
423,20230801,3:31,282.671,-8.291016666666668,47.99400000000001
424,20230801,3:32,282.295,-8.287849999999999,47.99555
425,20230801,3:32,282.295,-8.28465,47.99720000000001
426,20230801,3:33,282.421,-8.281483333333334,47.99875
427,20230801,3:33,282.759,-8.2781,48.00033333333334
428,20230801,3:34,282.775,-8.275966666666667,48.00189999999999
429,20230801,3:34,282.578,-8.272766666666666,48.003533333333344
430,20230801,3:35,282.405,-8.2691,48.00535
431,20230801,3:35,282.388,-8.26575,48.00695
432,20230801,3:36,282.613,-8.262466666666667,48.00833333333333
433,20230801,3:36,282.866,-8.259716666666666,48.00973333333333
434,20230801,3:37,282.997,-8.256533333333334,48.0114
435,20230801,3:37,283.085,-8.253316666666667,48.01293333333333
436,20230801,3:38,283.048,-8.250083333333333,48.01446666666667
437,20230801,3:38,283.17,-8.246633333333333,48.01601666666667
438,20230801,3:39,282.805,-8.243416666666667,48.01756666666667
439,20230801,3:39,282.255,-8.240183333333333,48.01921666666667
440,20230801,3:40,281.769,-8.236483333333332,48.0204
441,20230801,3:40,281.903,-8.23325,48.02205000000001
442,20230801,3:41,281.994,-8.229899999999999,48.02340000000001
443,20230801,3:41,282.004,-8.226483333333334,48.02518333333334
444,20230801,3:42,282.164,-8.223266666666666,48.02686666666667
445,20230801,3:42,282.223,-8.220066666666666,48.02843333333333
446,20230801,3:43,282.226,-8.215583333333333,48.03051666666667
447,20230801,3:43,282.471,-8.2124,48.032066666666665
448,20230801,3:44,282.615,-8.209166666666667,48.03373333333334
449,20230801,3:44,282.778,-8.205933333333332,48.03528333333334
450,20230801,3:45,282.623,-8.202683333333333,48.03679999999999
451,20230801,3:45,282.372,-8.199233333333332,48.03831666666667
452,20230801,3:46,282.06,-8.197066666666666,48.03986666666666
453,20230801,3:46,282.002,-8.193833333333334,48.041516666666666
454,20230801,3:47,282.13,-8.190616666666667,48.04305
455,20230801,3:47,282.164,-8.1874,48.044583333333335
456,20230801,3:48,282.191,-8.183983333333334,48.0461
457,20230801,3:48,282.031,-8.1808,48.047666666666665
458,20230801,3:49,281.82,-8.177616666666667,48.04935
459,20230801,3:49,282.015,-8.174416666666668,48.05088333333333
460,20230801,3:50,281.884,-8.171433333333333,48.05216666666667
461,20230801,3:50,282.252,-8.168283333333333,48.05356666666667
462,20230801,3:51,282.775,-8.165033333333334,48.055016666666674
463,20230801,3:51,282.783,-8.161766666666667,48.05658333333334
464,20230801,3:52,282.519,-8.1585,48.057550000000006
465,20230801,3:52,282.509,-8.155066666666666,48.05903333333334
466,20230801,3:53,282.434,-8.151833333333334,48.06051666666667
467,20230801,3:53,282.567,-8.1486,48.062000000000005
468,20230801,3:54,282.706,-8.145366666666666,48.06358333333333
469,20230801,3:54,282.487,-8.142166666666666,48.06508333333333
470,20230801,3:55,282.274,-8.13855,48.0666
471,20230801,3:55,282.292,-8.134933333333333,48.06836666666666
472,20230801,3:56,282.188,-8.131666666666666,48.06983333333333
473,20230801,3:56,282.196,-8.1284,48.07138333333334
474,20230801,3:57,282.348,-8.125166666666667,48.07285
475,20230801,3:57,282.21,-8.122283333333334,48.07411666666667
476,20230801,3:58,282.279,-8.11915,48.07553333333333
477,20230801,3:58,282.324,-8.116999999999999,48.07711666666668
478,20230801,3:59,282.162,-8.1138,48.07861666666666
479,20230801,3:59,282.258,-8.1106,48.0801
480,20230801,4:00,282.255,-8.107166666666666,48.08156666666667
481,20230801,4:00,282.394,-8.103933333333334,48.08299999999999
482,20230801,4:01,281.983,-8.100666666666665,48.08455000000001
483,20230801,4:01,281.767,-8.097416666666668,48.08598333333333
484,20230801,4:02,282.018,-8.094166666666666,48.08743333333334
485,20230801,4:02,282.477,-8.0907,48.08888333333333
486,20230801,4:03,282.669,-8.087449999999999,48.09033333333333
487,20230801,4:03,282.805,-8.084216666666666,48.09186666666666
488,20230801,4:04,282.869,-8.08095,48.0933
489,20230801,4:04,282.759,-8.077466666666668,48.09423333333334
490,20230801,4:05,282.789,-8.074183333333334,48.09564999999999
491,20230801,4:05,282.762,-8.070916666666667,48.09705
492,20230801,4:06,282.525,-8.067649999999999,48.09858333333333
493,20230801,4:06,282.234,-8.064416666666666,48.1
494,20230801,4:07,282.1,-8.060966666666667,48.1014
495,20230801,4:07,281.908,-8.057733333333335,48.10281666666666
496,20230801,4:08,281.689,-8.054516666666666,48.10425
497,20230801,4:08,281.601,-8.051283333333334,48.10578333333333
498,20230801,4:09,281.636,-8.04805,48.1072
499,20230801,4:09,281.884,-8.044616666666666,48.10861666666666
500,20230801,4:10,282.204,-8.04135,48.11000000000001
501,20230801,4:10,282.372,-8.039166666666667,48.11145
502,20230801,4:11,282.629,-8.035883333333334,48.11283333333334
503,20230801,4:11,282.637,-8.032616666666666,48.1142
504,20230801,4:12,282.642,-8.029133333333334,48.11556666666667
505,20230801,4:12,282.823,-8.02585,48.11693333333333
506,20230801,4:13,283.042,-8.022549999999999,48.1184
507,20230801,4:13,282.917,-8.019283333333334,48.11978333333333
508,20230801,4:14,282.346,-8.016033333333333,48.121166666666674
509,20230801,4:14,282.407,-8.012583333333334,48.12256666666667
510,20230801,4:15,282.324,-8.009333333333332,48.12396666666667
511,20230801,4:15,282.38,-8.006083333333333,48.12541666666666
512,20230801,4:16,282.116,-8.002833333333333,48.126783333333336
513,20230801,4:16,282.234,-7.999383333333332,48.1277
514,20230801,4:17,282.316,-7.99615,48.12908333333333
515,20230801,4:17,282.434,-7.99295,48.13045
516,20230801,4:18,282.431,-7.989733333333334,48.13195
517,20230801,4:18,282.711,-7.986516666666667,48.13333333333333
518,20230801,4:19,282.597,-7.983066666666668,48.134683333333335
519,20230801,4:19,282.423,-7.979833333333333,48.13604999999999
520,20230801,4:20,282.338,-7.9766,48.13741666666667
521,20230801,4:20,282.055,-7.973366666666667,48.13886666666667
522,20230801,4:21,281.82,-7.970183333333334,48.14025
523,20230801,4:21,281.724,-7.96675,48.14163333333333
524,20230801,4:22,281.946,-7.96355,48.14303333333334
525,20230801,4:22,282.191,-7.961416666666666,48.144416666666665
526,20230801,4:23,281.967,-7.958183333333333,48.14586666666667
527,20230801,4:23,282.338,-7.954966666666666,48.14725
528,20230801,4:24,282.61,-7.951549999999999,48.14863333333333
529,20230801,4:24,282.359,-7.948316666666667,48.15
530,20230801,4:25,282.21,-7.9451,48.151500000000006
531,20230801,4:25,281.737,-7.9419,48.15288333333333
532,20230801,4:26,281.479,-7.9387,48.154283333333325
533,20230801,4:26,281.324,-7.935266666666666,48.15565
534,20230801,4:27,281.233,-7.932033333333334,48.15698333333333
535,20230801,4:27,281.764,-7.928783333333333,48.158383333333326
536,20230801,4:28,281.86,-7.925516666666666,48.15968333333333
537,20230801,4:28,282.098,-7.922266666666667,48.16054999999999
538,20230801,4:29,282.271,-7.918833333333334,48.16188333333333
539,20230801,4:29,282.199,-7.915616666666667,48.1632
540,20230801,4:30,281.881,-7.912400000000001,48.16463333333333
541,20230801,4:30,281.609,-7.909183333333334,48.16598333333333
542,20230801,4:31,281.668,-7.905733333333334,48.16729999999999
543,20230801,4:31,281.777,-7.902516666666666,48.16861666666667
544,20230801,4:32,282.204,-7.899316666666666,48.16995
545,20230801,4:32,282.722,-7.89615,48.17139999999999
546,20230801,4:33,282.519,-7.892983333333333,48.17274999999999
547,20230801,4:33,282.335,-7.889583333333333,48.17408333333333
548,20230801,4:34,282.055,-7.886383333333333,48.17541666666666
549,20230801,4:34,281.796,-7.883199999999999,48.17674999999999
550,20230801,4:35,281.951,-7.881066666666667,48.17816666666666
551,20230801,4:35,281.639,-7.87785,48.179516666666665
552,20230801,4:36,281.855,-7.874416666666667,48.18084999999999
553,20230801,4:36,281.962,-7.871216666666667,48.1822
554,20230801,4:37,282.122,-7.867983333333332,48.18363333333333
555,20230801,4:37,282.247,-7.864766666666666,48.184983333333335
556,20230801,4:38,282.37,-7.861633333333333,48.18641666666667
557,20230801,4:38,282.103,-7.858416666666667,48.18791666666666
558,20230801,4:39,282.05,-7.855383333333333,48.18943333333333
559,20230801,4:39,281.921,-7.852366666666668,48.19106666666666
560,20230801,4:40,282.095,-7.849333333333334,48.19258333333334
561,20230801,4:40,282.658,-7.846316666666667,48.194116666666666
562,20230801,4:41,282.538,-7.843083333333334,48.19513333333333
563,20230801,4:41,282.236,-7.840016666666666,48.19665
564,20230801,4:42,282.477,-7.83695,48.198150000000005
565,20230801,4:42,282.039,-7.833866666666667,48.19975
566,20230801,4:43,281.588,-7.830783333333333,48.20126666666667
567,20230801,4:43,281.705,-7.827516666666666,48.2028
568,20230801,4:44,281.745,-7.824466666666666,48.20433333333334
569,20230801,4:44,281.873,-7.821383333333333,48.20593333333333
570,20230801,4:45,281.986,-7.818316666666668,48.20745
571,20230801,4:45,281.975,-7.815200000000001,48.20896666666666
572,20230801,4:46,281.855,-7.811866666666667,48.21046666666666
573,20230801,4:46,281.769,-7.808766666666666,48.21196666666666
574,20230801,4:47,281.817,-7.806733333333334,48.21361666666667
575,20230801,4:47,281.505,-7.803683333333334,48.21516666666666
576,20230801,4:48,281.132,-7.8004,48.216683333333336
577,20230801,4:48,281.233,-7.797283333333333,48.21821666666666
578,20230801,4:49,281.348,-7.794166666666666,48.219816666666674
579,20230801,4:49,281.265,-7.791033333333333,48.22133333333333
580,20230801,4:50,281.046,-7.7879,48.22285
581,20230801,4:50,280.48,-7.784549999999999,48.22436666666668
582,20230801,4:51,280.678,-7.781416666666667,48.22591666666667
583,20230801,4:51,280.881,-7.778383333333333,48.22763333333334
584,20230801,4:52,280.649,-7.775233333333333,48.22945
585,20230801,4:52,280.971,-7.771783333333333,48.23121666666666
586,20230801,4:53,281.5,-7.768733333333333,48.2323
587,20230801,4:53,281.807,-7.76555,48.23389999999999
588,20230801,4:54,281.916,-7.7624666666666675,48.23565
589,20230801,4:54,281.471,-7.759966666666666,48.236983333333335
590,20230801,4:55,281.297,-7.756933333333334,48.23855
591,20230801,4:55,281.097,-7.753233333333332,48.2403
592,20230801,4:56,281.185,-7.749949999999999,48.24211666666667
593,20230801,4:56,281.316,-7.74685,48.24385
594,20230801,4:57,281.567,-7.743766666666666,48.24548333333334
595,20230801,4:57,281.994,-7.740466666666666,48.24713333333334
596,20230801,4:58,282.407,-7.737349999999999,48.24873333333333
597,20230801,4:58,282.258,-7.734750000000001,48.25013333333333
598,20230801,4:59,282.036,-7.732416666666667,48.25203333333334
599,20230801,4:59,281.895,-7.729116666666666,48.25373333333334
600,20230801,5:00,281.689,-7.726533333333333,48.25505
601,20230801,5:00,281.473,-7.72275,48.25698333333333
602,20230801,5:01,281.868,-7.719616666666667,48.25866666666668
603,20230801,5:01,281.759,-7.716983333333333,48.26015
604,20230801,5:02,281.545,-7.7134333333333345,48.26205
605,20230801,5:02,281.839,-7.710066666666667,48.26368333333333
606,20230801,5:03,282.052,-7.706916666666666,48.26531666666666
607,20230801,5:03,281.649,-7.703799999999999,48.2669
608,20230801,5:04,281.532,-7.7007,48.268683333333335
609,20230801,5:04,281.591,-7.697816666666667,48.27048333333334
610,20230801,5:05,281.785,-7.694883333333333,48.27235
611,20230801,5:05,281.689,-7.69215,48.2736
612,20230801,5:06,281.809,-7.689816666666667,48.27535
613,20230801,5:06,281.652,-7.687216666666666,48.27711666666667
614,20230801,5:07,281.94,-7.684116666666667,48.279183333333336
615,20230801,5:07,282.044,-7.680900000000001,48.2811
616,20230801,5:08,282.151,-7.677833333333332,48.282766666666674
617,20230801,5:08,281.921,-7.674566666666667,48.28435
618,20230801,5:09,281.801,-7.671266666666666,48.28573333333334
619,20230801,5:09,281.788,-7.668466666666665,48.2869
620,20230801,5:10,281.913,-7.664933333333333,48.288116666666674
621,20230801,5:10,282.405,-7.661416666666666,48.28928333333333
622,20230801,5:11,282.3,-7.657900000000001,48.29053333333333
623,20230801,5:11,281.892,-7.65555,48.291700000000006
624,20230801,5:12,281.796,-7.652050000000001,48.2929
625,20230801,5:12,281.812,-7.648366666666668,48.29415000000001
626,20230801,5:13,281.228,-7.644916666666667,48.29541666666668
627,20230801,5:13,280.953,-7.641483333333333,48.29678333333333
628,20230801,5:14,280.737,-7.638033333333334,48.29806666666666
629,20230801,5:14,280.817,-7.634333333333332,48.29931666666666
630,20230801,5:15,281.292,-7.630883333333332,48.30056666666666
631,20230801,5:15,281.727,-7.627433333333332,48.301816666666674
632,20230801,5:16,281.62,-7.623966666666666,48.30316666666666
633,20230801,5:16,281.833,-7.6205,48.30443333333333
634,20230801,5:17,282.012,-7.616783333333332,48.30566666666667
635,20230801,5:17,281.871,-7.613316666666666,48.30650000000001
636,20230801,5:18,281.607,-7.609833333333334,48.30773333333333
637,20230801,5:18,281.236,-7.606400000000001,48.30910000000001
638,20230801,5:19,281.393,-7.602966666666667,48.3104
639,20230801,5:19,281.644,-7.599299999999999,48.3117
640,20230801,5:20,281.524,-7.595783333333332,48.312900000000006
641,20230801,5:20,281.641,-7.592266666666665,48.314150000000005
642,20230801,5:21,281.847,-7.588750000000001,48.315333333333335
643,20230801,5:21,282.199,-7.585166666666667,48.31641666666666
644,20230801,5:22,281.986,-7.581316666666667,48.31745
645,20230801,5:22,281.847,-7.577683333333333,48.31848333333334
646,20230801,5:23,282.159,-7.574083333333334,48.31956666666667
647,20230801,5:23,282.445,-7.571666666666665,48.3206
648,20230801,5:24,282.573,-7.568066666666666,48.32161666666666
649,20230801,5:24,282.501,-7.564266666666667,48.32265
650,20230801,5:25,282.493,-7.560700000000001,48.3237
651,20230801,5:25,282.106,-7.55715,48.32483333333333
652,20230801,5:26,282.026,-7.5536,48.32588333333333
653,20230801,5:26,282.41,-7.550033333333332,48.3269
654,20230801,5:27,282.583,-7.545716666666667,48.32806666666667
655,20230801,5:27,282.634,-7.541933333333333,48.32913333333333
656,20230801,5:28,282.461,-7.538383333333333,48.33023333333334
657,20230801,5:28,282.394,-7.535433333333333,48.3311
658,20230801,5:29,282.252,-7.531766666666666,48.33211666666666
659,20230801,5:29,282.114,-7.528233333333333,48.3328
660,20230801,5:30,281.879,-7.524699999999999,48.33381666666667
661,20230801,5:30,281.865,-7.52115,48.3349
662,20230801,5:31,281.756,-7.517616666666667,48.33590000000001
663,20230801,5:31,281.663,-7.513850000000001,48.33691666666667
664,20230801,5:32,281.732,-7.51035,48.33793333333333
665,20230801,5:32,281.663,-7.506849999999999,48.33898333333333
666,20230801,5:33,281.551,-7.50335,48.34011666666667
667,20230801,5:33,281.58,-7.499833333333333,48.34113333333333
668,20230801,5:34,281.639,-7.496083333333333,48.34213333333334
669,20230801,5:34,281.422,-7.49255,48.343116666666674
670,20230801,5:35,281.497,-7.48905,48.3442
671,20230801,5:35,281.828,-7.485533333333333,48.345216666666666
672,20230801,5:36,281.903,-7.483199999999999,48.34624999999999
673,20230801,5:36,281.994,-7.479466666666667,48.34726666666667
674,20230801,5:37,282.375,-7.475966666666666,48.34826666666666
675,20230801,5:37,282.316,-7.472433333333333,48.34931666666667
676,20230801,5:38,281.585,-7.468916666666667,48.35033333333334
677,20230801,5:38,281.452,-7.465383333333333,48.35131666666666
678,20230801,5:39,281.198,-7.461699999999999,48.352383333333336
679,20230801,5:39,281.487,-7.458366666666666,48.35358333333333
680,20230801,5:40,281.823,-7.4552,48.35503333333333
681,20230801,5:40,281.588,-7.452183333333333,48.35646666666666
682,20230801,5:41,281.372,-7.448966666666666,48.35791666666668
683,20230801,5:41,281.126,-7.445966666666667,48.35938333333333
684,20230801,5:42,281.006,-7.442983333333332,48.36036666666667
685,20230801,5:42,281.092,-7.439966666666667,48.36194999999999
686,20230801,5:43,281.476,-7.436916666666667,48.36338333333333
687,20230801,5:43,281.604,-7.433666666666666,48.36481666666667
688,20230801,5:44,281.772,-7.430616666666666,48.36628333333333
689,20230801,5:44,282.127,-7.427533333333334,48.36773333333334
690,20230801,5:45,282.284,-7.424466666666666,48.36925
691,20230801,5:45,282.474,-7.4213666666666676,48.37068333333333
692,20230801,5:46,282.276,-7.4180666666666655,48.3721
693,20230801,5:46,282.127,-7.414933333333333,48.37351666666667
694,20230801,5:47,282.103,-7.411799999999999,48.375
695,20230801,5:47,282.239,-7.408683333333332,48.37641666666666
696,20230801,5:48,282.346,-7.406616666666667,48.37785
697,20230801,5:48,282.429,-7.403333333333334,48.379283333333326
698,20230801,5:49,282.493,-7.400216666666667,48.3807
699,20230801,5:49,281.962,-7.397133333333333,48.38223333333334
700,20230801,5:50,281.441,-7.394016666666666,48.38366666666668
701,20230801,5:50,281.527,-7.390899999999999,48.385066666666674
702,20230801,5:51,281.607,-7.387550000000001,48.38646666666667
703,20230801,5:51,281.35,-7.384433333333334,48.38786666666667
704,20230801,5:52,281.284,-7.381316666666667,48.38936666666667
705,20230801,5:52,281.289,-7.3782,48.39076666666666
706,20230801,5:53,281.001,-7.375066666666667,48.39216666666666
707,20230801,5:53,281.15,-7.37175,48.39356666666666
708,20230801,5:54,281.422,-7.368650000000001,48.3945
709,20230801,5:54,281.471,-7.365533333333333,48.39598333333333
710,20230801,5:55,281.668,-7.362416666666666,48.39736666666666
711,20230801,5:55,281.692,-7.358066666666668,48.39921666666668
712,20230801,5:56,281.022,-7.354966666666667,48.400633333333325
713,20230801,5:56,280.617,-7.351866666666666,48.402033333333335
714,20230801,5:57,281.134,-7.348749999999999,48.4035
715,20230801,5:57,281.417,-7.345633333333335,48.40486666666667
716,20230801,5:58,281.433,-7.342283333333333,48.40623333333333
717,20230801,5:58,281.414,-7.339183333333334,48.40761666666667
718,20230801,5:59,281.556,-7.336100000000001,48.4091
719,20230801,5:59,281.244,-7.332966666666666,48.41048333333333
720,20230801,6:00,281.222,-7.330883333333332,48.41186666666668
721,20230801,6:00,281.206,-7.327566666666667,48.41325
722,20230801,6:01,281.313,-7.32445,48.41465
723,20230801,6:01,281.884,-7.321333333333333,48.41618333333333
724,20230801,6:02,281.473,-7.318216666666666,48.41758333333334
725,20230801,6:02,281.43,-7.315066666666667,48.41896666666666
726,20230801,6:03,280.883,-7.311733333333333,48.42036666666666
727,20230801,6:03,281.07,-7.308616666666667,48.4218
728,20230801,6:04,281.535,-7.305516666666667,48.42331666666667
729,20230801,6:04,281.58,-7.302383333333334,48.42471666666667
730,20230801,6:05,281.174,-7.299016666666668,48.42608333333333
731,20230801,6:05,280.985,-7.29585,48.42745
732,20230801,6:06,280.99,-7.2927,48.42836666666667
733,20230801,6:06,280.921,-7.289583333333334,48.42985
734,20230801,6:07,280.899,-7.286466666666667,48.43125
735,20230801,6:07,280.777,-7.283166666666667,48.43263333333333
736,20230801,6:08,280.483,-7.280083333333333,48.43404999999999
737,20230801,6:08,280.48,-7.2769666666666675,48.43546666666666
738,20230801,6:09,280.44,-7.27385,48.43695
739,20230801,6:09,280.408,-7.270716666666668,48.43833333333334
740,20230801,6:10,280.491,-7.267366666666667,48.4397
741,20230801,6:10,280.753,-7.2642,48.44105
742,20230801,6:11,280.569,-7.261066666666666,48.44251666666667
743,20230801,6:11,280.779,-7.257466666666667,48.4442
744,20230801,6:12,280.875,-7.25545,48.44573333333333
745,20230801,6:12,280.454,-7.252266666666666,48.44721666666666
746,20230801,6:13,280.435,-7.249283333333333,48.44871666666666
747,20230801,6:13,280.865,-7.246816666666666,48.45003333333334
748,20230801,6:14,281.1,-7.243883333333334,48.451483333333336
749,20230801,6:14,280.958,-7.240866666666666,48.45296666666666
750,20230801,6:15,280.625,-7.237666666666667,48.45445
751,20230801,6:15,280.662,-7.234649999999999,48.45590000000001
752,20230801,6:16,280.371,-7.231633333333334,48.45753333333334
753,20230801,6:16,280.838,-7.228083333333332,48.4592
754,20230801,6:17,280.942,-7.225483333333333,48.46043333333333
755,20230801,6:17,280.95,-7.222416666666667,48.461883333333326
756,20230801,6:18,280.867,-7.21945,48.46338333333333
757,20230801,6:18,280.782,-7.216466666666667,48.46448333333333
758,20230801,6:19,280.472,-7.213483333333333,48.46596666666666
759,20230801,6:19,280.384,-7.210266666666667,48.46743333333334
760,20230801,6:20,280.44,-7.207266666666667,48.46891666666667
761,20230801,6:20,280.913,-7.204233333333334,48.47041666666667
762,20230801,6:21,281.212,-7.201183333333334,48.47198333333334
763,20230801,6:21,281.3,-7.19815,48.47345
764,20230801,6:22,281.318,-7.194916666666668,48.474916666666665
765,20230801,6:22,281.617,-7.1919,48.47638333333333
766,20230801,6:23,281.649,-7.188883333333333,48.47788333333333
767,20230801,6:23,281.495,-7.185883333333334,48.47946666666667
768,20230801,6:24,281.446,-7.182900000000001,48.48096666666667
769,20230801,6:24,281.324,-7.180716666666666,48.48245
770,20230801,6:25,280.982,-7.177700000000001,48.48389999999999
771,20230801,6:25,280.635,-7.1747,48.48536666666667
772,20230801,6:26,280.267,-7.171716666666667,48.48696666666667
773,20230801,6:26,280.422,-7.168716666666668,48.48846666666667
774,20230801,6:27,280.795,-7.165533333333333,48.489933333333326
775,20230801,6:27,280.59,-7.16255,48.491400000000006
776,20230801,6:28,280.625,-7.1596,48.49301666666667
777,20230801,6:28,280.971,-7.156633333333334,48.49448333333333
778,20230801,6:29,281.212,-7.153650000000001,48.49596666666666
779,20230801,6:29,280.755,-7.150483333333333,48.497433333333326
780,20230801,6:30,280.657,-7.147516666666666,48.49884999999999
781,20230801,6:30,280.515,-7.144533333333333,48.49996666666666
782,20230801,6:31,280.416,-7.14165,48.5014
783,20230801,6:31,280.126,-7.138583333333334,48.50288333333333
784,20230801,6:32,279.995,-7.135416666666667,48.50435000000001
785,20230801,6:32,280.291,-7.132483333333332,48.50576666666666
786,20230801,6:33,280.75,-7.12965,48.50738333333334
787,20230801,6:33,281.049,-7.126616666666666,48.50886666666667
788,20230801,6:34,281.374,-7.123450000000001,48.51033333333333
789,20230801,6:34,281.537,-7.120500000000001,48.51175
790,20230801,6:35,281.366,-7.11755,48.513266666666674
791,20230801,6:35,281.137,-7.114583333333333,48.51481666666667
792,20230801,6:36,280.988,-7.111633333333333,48.51628333333333
793,20230801,6:36,280.646,-7.1094833333333325,48.51776666666667
794,20230801,6:37,280.334,-7.106533333333334,48.51924999999999
795,20230801,6:37,280.595,-7.103633333333333,48.52075
796,20230801,6:38,280.633,-7.100766666666668,48.52238333333333
797,20230801,6:38,280.851,-7.0979,48.523900000000005
798,20230801,6:39,280.891,-7.094916666666667,48.52535
799,20230801,6:39,280.865,-7.0919,48.52683333333333
800,20230801,6:40,281.356,-7.08895,48.52838333333334
801,20230801,6:40,281.318,-7.086033333333334,48.529833333333336
802,20230801,6:41,281.084,-7.083133333333334,48.5313
803,20230801,6:41,280.387,-7.08005,48.53278333333333
804,20230801,6:42,280.726,-7.077133333333334,48.53423333333333
805,20230801,6:42,281.193,-7.074216666666667,48.53530000000001
806,20230801,6:43,281.15,-7.071349999999999,48.53678333333334
807,20230801,6:43,281.214,-7.068466666666666,48.53823333333333
808,20230801,6:44,281.833,-7.065383333333333,48.5397
809,20230801,6:44,281.663,-7.062516666666666,48.54116666666667
810,20230801,6:45,281.5,-7.059633333333333,48.54273333333334
811,20230801,6:45,281.094,-7.056716666666667,48.5442
812,20230801,6:46,280.825,-7.053633333333333,48.54566666666666
813,20230801,6:46,280.982,-7.050716666666667,48.54713333333334
814,20230801,6:47,281.364,-7.047816666666667,48.5486
815,20230801,6:47,281.663,-7.044933333333334,48.55013333333333
816,20230801,6:48,281.828,-7.042016666666666,48.55159999999999
817,20230801,6:48,282.026,-7.039883333333334,48.55306666666667
818,20230801,6:49,282.18,-7.037000000000001,48.55455
819,20230801,6:49,282.092,-7.034116666666667,48.556016666666665
820,20230801,6:50,281.82,-7.03125,48.5576
821,20230801,6:50,281.519,-7.028366666666667,48.55908333333333
822,20230801,6:51,281.284,-7.025283333333334,48.56055
823,20230801,6:51,281.636,-7.02235,48.56203333333333
824,20230801,6:52,281.596,-7.019433333333335,48.563516666666665
825,20230801,6:52,281.193,-7.0165500000000005,48.56511666666667
826,20230801,6:53,280.795,-7.013666666666667,48.56658333333333
827,20230801,6:53,280.878,-7.01055,48.56804999999999
828,20230801,6:54,280.977,-7.0076,48.5695
829,20230801,6:54,281.358,-7.00465,48.57106666666667
830,20230801,6:55,281.428,-7.00175,48.57203333333334
831,20230801,6:55,281.449,-6.998850000000001,48.5735
832,20230801,6:56,281.292,-6.995733333333334,48.57496666666666
833,20230801,6:56,281.489,-6.992816666666666,48.57641666666667
834,20230801,6:57,281.492,-6.989933333333333,48.578
835,20230801,6:57,281.769,-6.987049999999999,48.57946666666667
836,20230801,6:58,281.511,-6.984166666666666,48.58093333333333
837,20230801,6:58,281.385,-6.981066666666667,48.58240000000001
838,20230801,6:59,280.996,-6.978166666666668,48.58388333333334
839,20230801,6:59,280.657,-6.975266666666666,48.58545000000001
840,20230801,7:00,280.51,-6.972366666666666,48.58693333333334
841,20230801,7:00,280.753,-6.96925,48.58836666666666
842,20230801,7:01,280.742,-6.967283333333334,48.5898
843,20230801,7:01,280.614,-6.964366666666666,48.59128333333333
844,20230801,7:02,280.016,-6.961516666666667,48.592866666666666
845,20230801,7:02,279.845,-6.9587,48.59439999999999
846,20230801,7:03,279.768,-6.955683333333333,48.5959
847,20230801,7:03,280.008,-6.9528333333333325,48.59738333333333
848,20230801,7:04,280.334,-6.949983333333334,48.59884999999999
849,20230801,7:04,280.838,-6.947116666666666,48.60040000000001
850,20230801,7:05,280.889,-6.944266666666666,48.60188333333334
851,20230801,7:05,280.638,-6.941216666666666,48.60336666666667
852,20230801,7:06,280.331,-6.938350000000001,48.604850000000006
853,20230801,7:06,280.408,-6.9355,48.60641666666667
854,20230801,7:07,280.44,-6.932649999999999,48.60738333333334
855,20230801,7:07,280.016,-6.929766666666666,48.60885
856,20230801,7:08,279.912,-6.926733333333334,48.61031666666666
857,20230801,7:08,280.166,-6.923883333333333,48.61226666666666
858,20230801,7:09,280.416,-6.921050000000001,48.61385
859,20230801,7:09,280.459,-6.918216666666666,48.6153
860,20230801,7:10,280.366,-6.915366666666667,48.61676666666667
861,20230801,7:10,280.398,-6.912333333333334,48.61821666666666
862,20230801,7:11,281.001,-6.909500000000001,48.61968333333333
863,20230801,7:11,281.254,-6.90665,48.62126666666666
864,20230801,7:12,281.329,-6.903816666666668,48.62273333333333
865,20230801,7:12,281.468,-6.9008,48.6242
866,20230801,7:13,281.273,-6.897916666666667,48.62564999999999
867,20230801,7:13,281.166,-6.89505,48.62708333333333
868,20230801,7:14,281.34,-6.892183333333333,48.62865
869,20230801,7:14,281.278,-6.889333333333333,48.6296
870,20230801,7:15,280.825,-6.886266666666668,48.63105
871,20230801,7:15,280.782,-6.883383333333335,48.632483333333326
872,20230801,7:16,280.318,-6.880533333333333,48.63393333333333
873,20230801,7:16,279.843,-6.877666666666666,48.63546666666666
874,20230801,7:17,280.072,-6.8748000000000005,48.63691666666667
875,20230801,7:17,280.427,-6.871749999999999,48.63836666666666
876,20230801,7:18,280.507,-6.868916666666666,48.63981666666667
877,20230801,7:18,280.646,-6.866083333333334,48.64138333333334
878,20230801,7:19,280.649,-6.8632333333333335,48.64283333333333
879,20230801,7:19,280.969,-6.860383333333334,48.64428333333333
880,20230801,7:20,281.169,-6.857333333333334,48.64571666666667
881,20230801,7:20,280.953,-6.855416666666668,48.64715
882,20230801,7:21,280.929,-6.852550000000001,48.64868333333334
883,20230801,7:21,281.292,-6.8497,48.65015
884,20230801,7:22,281.201,-6.846833333333333,48.6516
885,20230801,7:22,281.145,-6.84375,48.65306666666667
886,20230801,7:23,281.041,-6.840866666666667,48.65451666666666
887,20230801,7:23,280.715,-6.8379666666666665,48.65605000000001
888,20230801,7:24,280.39,-6.8351,48.657483333333325
889,20230801,7:24,280.312,-6.832216666666667,48.65891666666666
890,20230801,7:25,280.587,-6.829166666666667,48.66036666666667
891,20230801,7:25,280.915,-6.826333333333334,48.66183333333333
892,20230801,7:26,280.915,-6.823466666666667,48.6634
893,20230801,7:26,280.745,-6.820616666666666,48.664366666666666
894,20230801,7:27,280.499,-6.817533333333333,48.66581666666666
895,20230801,7:27,280.403,-6.81465,48.66725
896,20230801,7:28,280.222,-6.811766666666667,48.66870000000001
897,20230801,7:28,280.147,-6.808883333333334,48.67021666666666
898,20230801,7:29,280.299,-6.806016666666666,48.67166666666667
899,20230801,7:29,280.208,-6.802933333333334,48.673116666666665
900,20230801,7:30,279.992,-6.800066666666667,48.67458333333334
901,20230801,7:30,279.981,-6.7972,48.67603333333333
902,20230801,7:31,280.382,-6.794283333333334,48.67758333333333
903,20230801,7:31,280.475,-6.7914,48.67901666666667
904,20230801,7:32,280.803,-6.788333333333332,48.68046666666668
905,20230801,7:32,280.883,-6.786416666666666,48.68193333333333
906,20230801,7:33,280.763,-6.783583333333333,48.6835
907,20230801,7:33,280.569,-6.780716666666666,48.68494999999999
908,20230801,7:34,280.523,-6.777816666666666,48.686400000000006
909,20230801,7:34,280.806,-6.774716666666666,48.68783333333334
910,20230801,7:35,280.753,-6.771816666666666,48.68926666666666
911,20230801,7:35,280.464,-6.768933333333333,48.69081666666666
912,20230801,7:36,280.267,-6.76605,48.69225
913,20230801,7:36,280.0,-6.76315,48.69370000000001
914,20230801,7:37,280.091,-6.7601,48.69513333333333
915,20230801,7:37,280.376,-6.757233333333333,48.696583333333336
916,20230801,7:38,280.737,-6.754383333333334,48.69813333333333
917,20230801,7:38,280.841,-6.751516666666667,48.69911666666667
918,20230801,7:39,280.742,-6.748450000000001,48.70056666666666
919,20230801,7:39,280.67,-6.745566666666667,48.702016666666665
920,20230801,7:40,280.755,-6.742683333333334,48.70346666666666
921,20230801,7:40,280.606,-6.739800000000001,48.705000000000005
922,20230801,7:41,280.635,-6.736900000000001,48.706433333333344
923,20230801,7:41,280.667,-6.73385,48.707883333333335
924,20230801,7:42,280.192,-6.730966666666665,48.70933333333334
925,20230801,7:42,280.182,-6.728083333333332,48.71078333333333
926,20230801,7:43,280.342,-6.725199999999999,48.712333333333326
927,20230801,7:43,280.531,-6.722283333333333,48.713766666666665
928,20230801,7:44,280.432,-6.719183333333333,48.715216666666656
929,20230801,7:44,280.451,-6.71725,48.716683333333336
930,20230801,7:45,280.63,-6.714383333333334,48.718250000000005
931,20230801,7:45,280.955,-6.711533333333334,48.71973333333334
932,20230801,7:46,281.046,-6.7087,48.72121666666667
933,20230801,7:46,280.878,-6.705683333333333,48.72271666666667
934,20230801,7:47,280.766,-6.702866666666667,48.72421666666667
935,20230801,7:47,280.758,-6.7,48.725783333333325
936,20230801,7:48,280.459,-6.697100000000001,48.727250000000005
937,20230801,7:48,279.973,-6.694216666666667,48.7287
938,20230801,7:49,280.008,-6.69115,48.73016666666668
939,20230801,7:49,280.585,-6.6883,48.73165000000001
940,20230801,7:50,280.766,-6.68545,48.73321666666667
941,20230801,7:50,280.681,-6.6825833333333335,48.73468333333334
942,20230801,7:51,280.44,-6.679749999999999,48.73565
943,20230801,7:51,280.414,-6.676699999999999,48.737116666666665
944,20230801,7:52,280.315,-6.673866666666667,48.73858333333333
945,20230801,7:52,280.31,-6.671016666666667,48.74014999999999
946,20230801,7:53,279.712,-6.668166666666667,48.74161666666667
947,20230801,7:53,279.256,-6.665116666666667,48.74306666666666
948,20230801,7:54,279.184,-6.66225,48.74453333333333
949,20230801,7:54,279.368,-6.659383333333333,48.74601666666668
950,20230801,7:55,279.584,-6.656533333333334,48.74756666666667
951,20230801,7:55,279.629,-6.6537,48.74905
952,20230801,7:56,279.549,-6.65065,48.7505
953,20230801,7:56,279.717,-6.647816666666667,48.75198333333333
954,20230801,7:57,280.267,-6.6450000000000005,48.75346666666666
955,20230801,7:57,280.352,-6.642133333333334,48.75501666666667
956,20230801,7:58,280.051,-6.639266666666667,48.75645
957,20230801,7:58,280.203,-6.636166666666666,48.75788333333333
958,20230801,7:59,280.694,-6.633216666666668,48.75926666666666
959,20230801,7:59,281.092,-6.630266666666667,48.760650000000005
960,20230801,8:00,280.865,-6.627333333333333,48.76211666666666
961,20230801,8:00,281.033,-6.624366666666667,48.76348333333333
962,20230801,8:01,280.963,-6.621200000000001,48.76486666666666
963,20230801,8:01,280.99,-6.619233333333334,48.76623333333334
964,20230801,8:02,281.049,-6.616283333333333,48.76768333333333
965,20230801,8:02,281.089,-6.613333333333332,48.76906666666667
966,20230801,8:03,281.025,-6.610366666666666,48.77043333333333
967,20230801,8:03,281.129,-6.607200000000001,48.77181666666667
968,20230801,8:04,280.899,-6.604266666666666,48.77321666666667
969,20230801,8:04,280.459,-6.601316666666666,48.77468333333333
970,20230801,8:05,280.23,-6.5983833333333335,48.776083333333325
971,20230801,8:05,280.15,-6.59545,48.77746666666667
972,20230801,8:06,280.099,-6.5923,48.77883333333333
973,20230801,8:06,280.454,-6.58935,48.7802
974,20230801,8:07,280.438,-6.586416666666666,48.78168333333333
975,20230801,8:07,280.472,-6.583466666666667,48.78305
976,20230801,8:08,280.553,-6.58035,48.78398333333333
977,20230801,8:08,280.595,-6.577433333333333,48.78538333333333
978,20230801,8:09,280.545,-6.574533333333333,48.78678333333334
979,20230801,8:09,280.553,-6.571600000000001,48.78826666666667
980,20230801,8:10,280.483,-6.5686833333333325,48.78965
981,20230801,8:10,280.48,-6.565566666666666,48.79103333333334
982,20230801,8:11,280.721,-6.5626500000000005,48.7924
983,20230801,8:11,281.054,-6.559733333333332,48.7938
984,20230801,8:12,281.217,-6.556816666666666,48.79528333333333
985,20230801,8:12,281.161,-6.5539000000000005,48.79665
986,20230801,8:13,281.094,-6.550816666666666,48.79805
987,20230801,8:13,281.118,-6.547616666666666,48.799483333333335
988,20230801,8:14,280.625,-6.54545,48.801116666666665
989,20230801,8:14,280.553,-6.5430666666666655,48.8023
990,20230801,8:15,280.753,-6.540216666666667,48.803683333333325
991,20230801,8:15,280.793,-6.537116666666666,48.80505
992,20230801,8:16,280.811,-6.534216666666667,48.80643333333334
993,20230801,8:16,280.723,-6.531316666666667,48.8079
994,20230801,8:17,280.803,-6.5284,48.80928333333333
995,20230801,8:17,280.806,-6.525499999999999,48.81065
996,20230801,8:18,280.771,-6.522416666666667,48.81203333333333
997,20230801,8:18,281.396,-6.519533333333333,48.81341666666667
998,20230801,8:19,281.753,-6.5161500000000006,48.81518333333334
999,20230801,8:19,281.692,-6.513233333333333,48.81658333333333
1000,20230801,8:20,281.551,-6.510283333333333,48.81746666666666
1001,20230801,8:20,281.209,-6.507366666666667,48.81886666666666
1002,20230801,8:21,281.334,-6.504516666666666,48.82033333333334
1003,20230801,8:21,281.455,-6.501650000000001,48.82181666666667
1004,20230801,8:22,281.454,-6.499149999999999,48.82306666666667
1005,20230801,8:22,281.425,-6.496349999999999,48.8243
1006,20230801,8:23,281.297,-6.493483333333334,48.82566666666666
1007,20230801,8:23,280.913,-6.490499999999999,48.82703333333334
1008,20230801,8:24,280.715,-6.487466666666667,48.82868333333332
1009,20230801,8:24,280.523,-6.4844333333333335,48.82998333333333
1010,20230801,8:25,280.777,-6.4812666666666665,48.83151666666666
1011,20230801,8:25,280.617,-6.478283333333334,48.83291666666667
1012,20230801,8:26,280.539,-6.476366666666666,48.83428333333333
1013,20230801,8:26,280.566,-6.473483333333333,48.83581666666667
1014,20230801,8:27,280.352,-6.4706166666666665,48.8372
1015,20230801,8:27,280.158,-6.4677500000000006,48.83838333333333
1016,20230801,8:28,280.344,-6.465216666666667,48.83963333333333
1017,20230801,8:28,279.781,-6.46235,48.84108333333334
1018,20230801,8:29,279.837,-6.459500000000001,48.84246666666666
1019,20230801,8:29,280.299,-6.456683333333332,48.84386666666666
1020,20230801,8:30,280.766,-6.453666666666667,48.8453
1021,20230801,8:30,280.456,-6.4509,48.84661666666666
1022,20230801,8:31,280.537,-6.44795,48.84813333333333
1023,20230801,8:31,280.475,-6.445083333333334,48.84943333333334
1024,20230801,8:32,280.526,-6.441816666666667,48.85108333333333
1025,20230801,8:32,280.286,-6.438633333333333,48.85203333333334
1026,20230801,8:33,280.35,-6.435766666666666,48.85335
1027,20230801,8:33,280.387,-6.432900000000001,48.85486666666667
1028,20230801,8:34,280.342,-6.430133333333333,48.85623333333333
1029,20230801,8:34,280.39,-6.426983333333334,48.85761666666667
1030,20230801,8:35,280.755,-6.424533333333333,48.85898333333333
1031,20230801,8:35,280.758,-6.4219333333333335,48.86006666666667
1032,20230801,8:36,280.633,-6.419099999999999,48.86155
1033,20230801,8:36,280.403,-6.416216666666666,48.86291666666666
1034,20230801,8:37,280.686,-6.4126666666666665,48.86446666666667
1035,20230801,8:37,281.006,-6.409750000000001,48.86586666666667
1036,20230801,8:38,280.982,-6.406883333333334,48.86721666666667
1037,20230801,8:38,281.073,-6.404983333333333,48.86866666666666
1038,20230801,8:39,281.1,-6.401983333333334,48.87011666666668
1039,20230801,8:39,281.196,-6.399400000000001,48.87128333333333
1040,20230801,8:40,281.07,-6.396283333333334,48.87283333333333
1041,20230801,8:40,281.057,-6.396283333333334,48.87283333333333
1042,20230801,8:41,281.02,-6.393366666666666,48.874316666666665
1043,20230801,8:41,280.835,-6.390533333333334,48.87571666666666
1044,20230801,8:42,280.846,-6.387933333333333,48.876866666666665
1045,20230801,8:42,280.883,-6.384799999999999,48.87833333333333
1046,20230801,8:43,281.182,-6.381950000000001,48.879666666666665
1047,20230801,8:43,281.142,-6.378983333333334,48.88118333333333
1048,20230801,8:44,280.659,-6.376016666666668,48.88255000000001
1049,20230801,8:44,280.438,-6.37355,48.88374999999999
1050,20230801,8:45,280.51,-6.370299999999999,48.88483333333333
1051,20230801,8:45,280.558,-6.367883333333333,48.88603333333334
1052,20230801,8:46,280.534,-6.364583333333333,48.88768333333334
1053,20230801,8:46,280.512,-6.3616166666666665,48.889066666666665
1054,20230801,8:47,280.462,-6.358599999999999,48.89043333333334
1055,20230801,8:47,280.558,-6.356283333333333,48.891666666666666
1056,20230801,8:48,280.571,-6.353466666666666,48.89293333333333
1057,20230801,8:48,280.683,-6.350733333333333,48.89438333333332
1058,20230801,8:49,280.806,-6.347883333333334,48.89575
1059,20230801,8:49,280.531,-6.34485,48.89713333333334
1060,20230801,8:50,280.238,-6.342,48.89848333333333
1061,20230801,8:50,280.406,-6.339166666666667,48.89985
1062,20230801,8:51,280.633,-6.337183333333333,48.90131666666666
1063,20230801,8:51,280.681,-6.3343333333333325,48.902683333333336
1064,20230801,8:52,280.699,-6.331316666666667,48.90406666666666
1065,20230801,8:52,280.59,-6.3284666666666665,48.90545
1066,20230801,8:53,280.603,-6.325616666666667,48.90691666666667
1067,20230801,8:53,280.384,-6.322783333333333,48.90828333333334
1068,20230801,8:54,280.216,-6.319933333333334,48.90970000000001
1069,20230801,8:54,280.617,-6.316999999999999,48.91115
1070,20230801,8:55,280.742,-6.313616666666666,48.9127
1071,20230801,8:55,280.971,-6.3112,48.91396666666666
1072,20230801,8:56,281.094,-6.308366666666666,48.91526666666667
1073,20230801,8:56,280.867,-6.3054,48.91668333333334
1074,20230801,8:57,280.87,-6.302383333333334,48.91761666666666
1075,20230801,8:57,280.894,-6.299650000000001,48.91903333333333
1076,20230801,8:58,280.625,-6.296716666666667,48.92056666666667
1077,20230801,8:58,280.475,-6.2935333333333325,48.9221
1078,20230801,8:59,280.545,-6.29055,48.92361666666668
1079,20230801,8:59,280.851,-6.287483333333333,48.925
